Video_Basligi,Kanal_Adi,Video_Yayin_Tarihi,Video_Begeni,Video_Izlenme,Yorum,Yorum_Tarihi,Kullanici_Adi,Begeni_Sayisi,Profil_Resmi,Kanal_URL
ChatGPT Her Åeyi NasÄ±l Bilebiliyor?,Evrim AÄŸacÄ±,2024-07-28T06:01:51Z,28638,1162200," Honor 200 Pro ile tanÄ±ÅŸÄ±n: https://tem.ag/evrimagaci-honor200pro
 Bu videoda anlattÄ±klarÄ±mÄ±z, 3Blue1Brown kanalÄ±ndan Grant Sanderson'Ä±n hazÄ±rladÄ±ÄŸÄ± 6 videoluk ""NÃ¶ral AÄŸlar"" video listesinin bir Ã¶zeti gibi. Ä°ÅŸi daha da derinlemesine kavramak ve bu videoda girmediÄŸimiz nÃ¶ral aÄŸ matematiÄŸini de Ã¶ÄŸrenmek iÃ§in bu listeyi baÅŸtan sona izleyin deriz: https://www.youtube.com/watch?v=aircAruvnKk&list=PLZHQObOWTQDNU6R1_67000Dx_ZCJB-3pi Ãœzerine Coursera'dan ÅŸu dersi almanÄ±zÄ± tavsiye ederiz: https://www.coursera.org/learn/neural-networks-deep-learning
ğŸ’— Evrim AÄŸacÄ±, okur ve izleyen destekleriyle yola devam ediyor. Bize destek olan bilimseverlere katÄ±lÄ±n: https://evrimagaci.org/youtube",2024-07-27T20:46:33Z,@evrimagaci,140,https://yt3.ggpht.com/yy48QgMLjlpIqzRqWM-ecSuL6g8KggV2pi8YS7wNzkugZHH_-eNNxJ5-BenWWYp-K8gUliIpwVo=s48-c-k-c0x00ffffff-no-rj,http://www.youtube.com/@evrimagaci
ChatGPT Her Åeyi NasÄ±l Bilebiliyor?,Evrim AÄŸacÄ±,2024-07-28T06:01:51Z,28638,1162200,15:30 kumruya yapalÄ±m ÅŸunu,2025-11-28T22:11:10Z,@FutbolgÃ¼nlÃ¼klerfb,1,https://yt3.ggpht.com/Pj2MM_PW4eervMc6I03nI-RuVgTjT4YL3IzS77Wz2cXw5LGsHkwKg1dkRxszRJIoZOdqJ1BQgnk=s48-c-k-c0x00ffffff-no-rj,http://www.youtube.com/@Futbolg%C3%BCnl%C3%BCklerfb
ChatGPT Her Åeyi NasÄ±l Bilebiliyor?,Evrim AÄŸacÄ±,2024-07-28T06:01:51Z,28638,1162200,Ã‡agrÄ± sana gerÃ§ekten bÃ¼yÃ¼k saygÄ± duyuyorum ve takdir ediyorum.Ä°nanÄ±lmaz gÃ¼zel bilgileri sade ve net bilgilerle donatÄ±yorsun insanlarÄ±.. harikasÄ±n valla,2025-11-27T23:33:51Z,@canahmettopkaya6100,0,https://yt3.ggpht.com/ytc/AIdro_l7paSuQXdHo1EMkEQZjtkbpAXf1IwYeTHFhka4GV8=s48-c-k-c0x00ffffff-no-rj,http://www.youtube.com/@canahmettopkaya6100
ChatGPT Her Åeyi NasÄ±l Bilebiliyor?,Evrim AÄŸacÄ±,2024-07-28T06:01:51Z,28638,1162200,â¤,2025-11-25T03:56:35Z,@ayseparlar7610,0,https://yt3.ggpht.com/ytc/AIdro_m_ZA6Sm1Ns0XCtaFidVnQJ-wBmPn4KPSh-C642I3M=s48-c-k-c0x00ffffff-no-rj,http://www.youtube.com/@ayseparlar7610
ChatGPT Her Åeyi NasÄ±l Bilebiliyor?,Evrim AÄŸacÄ±,2024-07-28T06:01:51Z,28638,1162200,Abi 50 yil sonra senin gibi birisini boyle guzel bir sekilde anlatan bilen bir bilge adami veya mÃ¼hendisi bulmamÄ±z Ã§ok zor olucak ona Ã¼zÃ¼lÃ¼yorum...,2025-11-24T21:10:34Z,@ZeynalYasin-wb1os,0,https://yt3.ggpht.com/ytc/AIdro_m7s2_vr9a-URZ8SU5IImXm-Mf0-NqqRhWQpDEgf9vCn-B03oaMDnxNs4fPH8K8N5WflA=s48-c-k-c0x00ffffff-no-rj,http://www.youtube.com/@ZeynalYasin-wb1os
ChatGPT Her Åeyi NasÄ±l Bilebiliyor?,Evrim AÄŸacÄ±,2024-07-28T06:01:51Z,28638,1162200,â¤,2025-11-18T01:06:07Z,@eminekirimli-e8r,0,https://yt3.ggpht.com/ytc/AIdro_nCktTZ-D88FftB8H6JJ52VXoSG7w-cHqLVw-FGYv31C_-S=s48-c-k-c0x00ffffff-no-rj,http://www.youtube.com/@eminekirimli-e8r
ChatGPT Her Åeyi NasÄ±l Bilebiliyor?,Evrim AÄŸacÄ±,2024-07-28T06:01:51Z,28638,1162200,ğŸ¤ğŸ‘ğŸ’ªbaÅŸarÄ±lar !!!,2025-11-17T18:46:55Z,@mustafakacar3199,0,https://yt3.ggpht.com/ytc/AIdro_kvcr3wKM2aUmLOgkcOxjRJ92j4lRE2eS7paUOLS9HYdKw=s48-c-k-c0x00ffffff-no-rj,http://www.youtube.com/@mustafakacar3199
ChatGPT Her Åeyi NasÄ±l Bilebiliyor?,Evrim AÄŸacÄ±,2024-07-28T06:01:51Z,28638,1162200,ğŸ‘ğŸ’ªbaÅŸarÄ±lar !!!!,2025-11-17T17:57:08Z,@mustafakacar3199,0,https://yt3.ggpht.com/ytc/AIdro_kvcr3wKM2aUmLOgkcOxjRJ92j4lRE2eS7paUOLS9HYdKw=s48-c-k-c0x00ffffff-no-rj,http://www.youtube.com/@mustafakacar3199
ChatGPT Her Åeyi NasÄ±l Bilebiliyor?,Evrim AÄŸacÄ±,2024-07-28T06:01:51Z,28638,1162200,Sen ne mÃ¼thiÅŸ bir adamsÄ±n maÅŸallah,2025-11-01T12:04:33Z,@merveeeee6305,0,https://yt3.ggpht.com/ytc/AIdro_najrNirkES91uW9O1x7uafNumbXLKuwgH-mLyamJqgfhwuBIDWRZGGBzH6fCNh-gOl0g=s48-c-k-c0x00ffffff-no-rj,http://www.youtube.com/@merveeeee6305
ChatGPT Her Åeyi NasÄ±l Bilebiliyor?,Evrim AÄŸacÄ±,2024-07-28T06:01:51Z,28638,1162200,Cok gÃ¼zel anlatÄ±yorsunuz. Harika. Ama akademik olarak bazÄ± eksiklikler var. LiteratÃ¼rde bu anlattiginiz gibi deÄŸil.,2025-10-26T14:46:03Z,@farukbulut5319,1,https://yt3.ggpht.com/ytc/AIdro_msOeiAeiYRN7Mgg1SNx_P4HETwW3LsFqmCTJeDr8tHc9E=s48-c-k-c0x00ffffff-no-rj,http://www.youtube.com/@farukbulut5319
ChatGPT Her Åeyi NasÄ±l Bilebiliyor?,Evrim AÄŸacÄ±,2024-07-28T06:01:51Z,28638,1162200,Chatgpt reklamÄ± cÌ§Ä±ktÄ±Ä±Ä±,2025-10-26T09:57:54Z,@Yusuf31931,0,https://yt3.ggpht.com/QaCK1sYhtB2MNm0eSVmZguSKF6THmQgOTf6XcmxL2AH6VFYWo8c-6hNT2WIJK3SU9g-7_rkQqw=s48-c-k-c0x00ffffff-no-rj,http://www.youtube.com/@Yusuf31931
ChatGPT Her Åeyi NasÄ±l Bilebiliyor?,Evrim AÄŸacÄ±,2024-07-28T06:01:51Z,28638,1162200,NÃ¼fus kaÃ§Ä±nÄ±lmaz olarak dÃ¼ÅŸecek. Bence,2025-10-23T20:16:13Z,@Ulas-g5z,0,https://yt3.ggpht.com/ytc/AIdro_lpzwmVzHfAhl3FD2wN5FtU2ZLlCYRbP4zQ6nkTNQRUc40ri2QkWWHUnOWmlaF_eaweyQ=s48-c-k-c0x00ffffff-no-rj,http://www.youtube.com/@Ulas-g5z
ChatGPT Her Åeyi NasÄ±l Bilebiliyor?,Evrim AÄŸacÄ±,2024-07-28T06:01:51Z,28638,1162200,Yerli ve milli yatay zekalar nasÄ±l anlasÄ±n,2025-10-21T17:30:18Z,@armagtube,0,https://yt3.ggpht.com/HiRM4xQhd0y6J-ELvq-RfUj9gK9TteSmdeVlPmL-ZrR8dgsSnsnajRFJWDB4D6VgBWjEZlmCP6E=s48-c-k-c0x00ffffff-no-rj,http://www.youtube.com/@armagtube
ChatGPT Her Åeyi NasÄ±l Bilebiliyor?,Evrim AÄŸacÄ±,2024-07-28T06:01:51Z,28638,1162200,19:43 Buradaki ilerleme daha gelmedi mi hocam ? :) sabÄ±rsÄ±zlÄ±kla bekliyoruz... Ä°yi Ã§alÄ±ÅŸmalar,2025-10-19T15:21:41Z,@huseyinulupinar392,0,https://yt3.ggpht.com/ytc/AIdro_m2gbSH-MjgxAE68CCuB-bVHmrSlb2mKQ3djASMXrJOGY0=s48-c-k-c0x00ffffff-no-rj,http://www.youtube.com/@huseyinulupinar392
ChatGPT Her Åeyi NasÄ±l Bilebiliyor?,Evrim AÄŸacÄ±,2024-07-28T06:01:51Z,28638,1162200,TeÅŸekkÃ¼rler,2025-10-19T08:58:26Z,@ulkukurutas4507,0,https://yt3.ggpht.com/ytc/AIdro_kN8FF8hc7atDzeIa4unDd50fr_NpxQ2cHgORxaSDg=s48-c-k-c0x00ffffff-no-rj,http://www.youtube.com/@ulkukurutas4507
ChatGPT Her Åeyi NasÄ±l Bilebiliyor?,Evrim AÄŸacÄ±,2024-07-28T06:01:51Z,28638,1162200,AbartmayÄ±n goglenin seslisi,2025-10-15T22:49:13Z,@01emrecokovun,0,https://yt3.ggpht.com/ytc/AIdro_k171yMDtn8o398C3lxd39OcZg4d7MFhNvJGfTuGHa2Zi2ow4EOwQv8jolERX9FY3-O3w=s48-c-k-c0x00ffffff-no-rj,http://www.youtube.com/@01emrecokovun
ChatGPT Her Åeyi NasÄ±l Bilebiliyor?,Evrim AÄŸacÄ±,2024-07-28T06:01:51Z,28638,1162200,AnlattÄ±ÄŸÄ±n tÃ¼m bilgileri yapay zekadan mÄ± aldÄ±n ğŸ¤£,2025-10-15T22:06:26Z,@ismailEfendi54,0,https://yt3.ggpht.com/D8zQZcOPDkGY074VM8hX3QBotbMZ1rIx71ZFgHP-kxXiIeA2xjd_ns1HSlzGuRGWgg8ZMYrCjw=s48-c-k-c0x00ffffff-no-rj,http://www.youtube.com/@ismailEfendi54
ChatGPT Her Åeyi NasÄ±l Bilebiliyor?,Evrim AÄŸacÄ±,2024-07-28T06:01:51Z,28638,1162200,beynim yandÄ± gankiii,2025-10-15T11:27:20Z,@mehmetsagdic328,0,https://yt3.ggpht.com/ytc/AIdro_lsKX55e6iOFRHrjJayGyZK5K4UCHYqC7dRjE00Tyx64Cs=s48-c-k-c0x00ffffff-no-rj,http://www.youtube.com/@mehmetsagdic328
ChatGPT Her Åeyi NasÄ±l Bilebiliyor?,Evrim AÄŸacÄ±,2024-07-28T06:01:51Z,28638,1162200,benim beyin yandi,2025-10-11T19:48:03Z,@goksimiratsch5961,0,https://yt3.ggpht.com/ytc/AIdro_lKo4yNR4O1A_xpewLXLLJm_nOkjCcwFpTg6zcffd3HNw=s48-c-k-c0x00ffffff-no-rj,http://www.youtube.com/@goksimiratsch5961
ChatGPT Her Åeyi NasÄ±l Bilebiliyor?,Evrim AÄŸacÄ±,2024-07-28T06:01:51Z,28638,1162200,"Bilim hakkÄ±nda pek bilgim yok kusura bakmayÄ±n  bu aÃ§Ä±klamada sizin yÃ¶nlendirmeniz doÄŸrultusunda yapmÄ±ÅŸ bulundum  yapay zeka benzeri bir durum oluÅŸtu  telefon ile gÃ¶rsel oluÅŸtururken  Ã¶n ve arka kameranÄ±zÄ± kapatÄ±p  arama yapÄ±n aynÄ± aramayÄ± birde aÃ§Ä±kken yapÄ±n  
Yolda yÃ¼rÃ¼rken  birisi hakkÄ±nda dÃ¼ÅŸÃ¼nce  oluÅŸturmak gibi   eÄŸer gÃ¶rdÃ¼ÄŸÃ¼n kiÅŸi sana net ve mimiksiz ÅŸekilde bakÄ±yor olursa  seni dÃ¼ÅŸÃ¼nce kaybÄ±na itmiÅŸ olurdu bilgi net olduÄŸu iÃ§in  eÄŸer gÃ¼lerek bakarken baÅŸka yÃ¶ne bakÄ±yor olsaydÄ±  bilgi parÃ§alar ayrÄ±lmÄ±ÅŸ olurdu    ( varÄ±m O'halde dÃ¼ÅŸÃ¼nÃ¼yorum)",2025-10-09T02:00:10Z,@Ã‡zxcÄŸbX,0,https://yt3.ggpht.com/ytc/AIdro_mLuXuP8h0NepLJT9koTxTAlXDM1mGnxjjhKOSEa5thV3lLdfkNCfoaMw35DaiXvg0_kYQ=s48-c-k-c0x00ffffff-no-rj,http://www.youtube.com/@%C3%87zxc%C4%9FbX
ChatGPT Her Åeyi NasÄ±l Bilebiliyor?,Evrim AÄŸacÄ±,2024-07-28T06:01:51Z,28638,1162200,"blackbox olarak adlandÄ±rÄ±lan olayÄ±n girdi verisinin veri tiplerine gÃ¶re iÅŸlenmesinin bir algoritmik  fonksiyonlar matematiÄŸi ve bunun olasÄ±lÄ±ksal yorumlamasÄ± ile Ã§Ã¶zÃ¼mlenebilir olduÄŸunu dÃ¼ÅŸÃ¼nÃ¼yorum. Bu arada yaptÄ±ÄŸÄ±n iÅŸin Ã¶nemi , deÄŸeri ve anlamÄ±nÄ±n takdir edilesi seviyede olduÄŸunu dÃ¼ÅŸÃ¼nÃ¼yorum iyiki varsÄ±n ve bu iÅŸi yapÄ±yorsun Ã‡aÄŸrÄ± Abi ğŸ‘âœŒğŸ§ ğŸ«€ğŸ’ª",2025-10-07T02:21:28Z,@Ä°brahimTopacÄ±k-m9q,0,https://yt3.ggpht.com/ytc/AIdro_lgakQmhpm477rtxCXUzmXp6z5a-gLq7x6oNK07Ypex90ZWdu9h43hmVsZcohkkbbxAwOw=s48-c-k-c0x00ffffff-no-rj,http://www.youtube.com/@%C4%B0brahimTopac%C4%B1k-m9q
ChatGPT Her Åeyi NasÄ±l Bilebiliyor?,Evrim AÄŸacÄ±,2024-07-28T06:01:51Z,28638,1162200,SakÄ±z orucu bozar mÄ± ?,2025-10-05T01:04:18Z,@ahmetmutlu2622,0,https://yt3.ggpht.com/ytc/AIdro_kppXXZiHH3mmIAKWElOYvJiuVkO6HnAV4qd6RZTNQ=s48-c-k-c0x00ffffff-no-rj,http://www.youtube.com/@ahmetmutlu2622
ChatGPT Her Åeyi NasÄ±l Bilebiliyor?,Evrim AÄŸacÄ±,2024-07-28T06:01:51Z,28638,1162200,"ğŸ›‘Evrim AÄŸacÄ±, ara sinir aÄŸlarÄ± ve sonuca ulaÅŸan aÄŸlar, tek bir ÅŸekilde Ã§alÄ±ÅŸÄ±yor. Elektrik maliyeti. Bunu ÅŸÃ¶yle aÃ§Ä±klayÄ±m. Ara aÄŸlar ve sonucu veren aÄŸlar, birer led ampÃ¼l olsun. 1 amperlik birer led ampÃ¼l. Bunlar yanlÄ±ÅŸ cevaba yandÄ±ÄŸÄ± zaman 1 birim elektrik harcamÄ±ÅŸ oluyor. Bu yanlÄ±ÅŸ yanan ledler 3 ya da 4 olduÄŸunda, bir maliyet oluÅŸturuyor. Bilim insanlarÄ± programa bu maliyetleri azaltmasÄ±nÄ± ve elektrik harcamasÄ±nÄ± dÃ¼ÅŸÃ¼rmesini istiyorlar. Yapay zeka bunun Ã¼zerine daha ayrÄ±ntÄ±lÄ± verileri toplamaya baÅŸlÄ±yor. Haliyle her ÅŸey, ama herÅŸey sayÄ±dan ibaret. 1â€™ler ve 0â€™lar.
Yapay zeka ilk Ã§Ä±ktÄ±ÄŸÄ±nda ben onlarÄ± takoz cep telefonlarÄ±na benzetmiÅŸtim. Oysa olmasÄ± gereken ÅŸuanki cep telefonlarÄ±ydÄ±. Peki ÅŸuan nasÄ±l. Neoâ€™nun o meÅŸhur ÅŸlak diye aÃ§Ä±lan cep telefonu dÃ¼zeyinde. 
Peki ben nasÄ±l olmasÄ±nÄ± istiyorum. Ã–rneÄŸin YZ ye bir manzara resmi gÃ¶sterdiÄŸimizde, mesela amazon nehrinden kÃ¼Ã§Ã¼k bir kare. Bunu YZ verilerini tarayÄ±p, cevabÄ± doÄŸru verebiliyor. Oysa tÃ¼m verilere konum bilgisi eklenmesi gerekir diyorum. 1piksellik noktaya bile. Ama bu konu dÃ¼nyasal deÄŸil, yÄ±ldÄ±z konumlarÄ±na bakarak verilmeli. Ã‡Ã¼nkÃ¼ doÄŸru zamana ve konum bilgisine ancak Ã¶yle ulaÅŸÄ±lÄ±r. Ã–rneÄŸin ben Jupiterâ€™e bir drone gÃ¶ndersem ve ayÄ±n resmini Ã§eksem. Buna benim bahsettiÄŸim konum bilgisini yÃ¼klesem. YZ ye sorduÄŸumda doÄŸru cevabÄ± verir mi, veremez mi? GerÃ§ek konum bilgisi olmadan ne YZ ne de insanoÄŸlu Hakikate ulaÅŸamaz. SonuÃ§ daima hatalar ve yalanlarla dolu olur ve bu bizi daima yanÄ±lgÄ±ya gÃ¶tÃ¼rÃ¼r.",2025-10-03T10:06:43Z,@cesurkaratas8111,0,https://yt3.ggpht.com/ytc/AIdro_keJ-A6wxD-3g5fhlYTBlBo9KLUyyQ5iMRdOHluLYp1q_k=s48-c-k-c0x00ffffff-no-rj,http://www.youtube.com/@cesurkaratas8111
ChatGPT Her Åeyi NasÄ±l Bilebiliyor?,Evrim AÄŸacÄ±,2024-07-28T06:01:51Z,28638,1162200,â¤,2025-10-01T06:24:34Z,@yunusguney659,0,https://yt3.ggpht.com/ytc/AIdro_nRLvF4x8MXtdsAPdEqkix9IK697Cjt7tPxW1LUKGA=s48-c-k-c0x00ffffff-no-rj,http://www.youtube.com/@yunusguney659
ChatGPT Her Åeyi NasÄ±l Bilebiliyor?,Evrim AÄŸacÄ±,2024-07-28T06:01:51Z,28638,1162200,"Gpt nerede? Bu bir Ã§ip gibi bir ÅŸey mi? 
Elektirik mi acaba. Yapay zeka gerÃ§ekten nerede? Somut bir ÅŸey mi?",2025-09-27T13:05:46Z,@SÄ°RÄ°US_YILDIZIM,1,https://yt3.ggpht.com/w-RLxErRuaNwhmm7CS8TjH5MdwYNnjDJG9nILYn2X8F0u0qDGSPqmQmsROApoqEgjHYRN3-qIg=s48-c-k-c0x00ffffff-no-rj,http://www.youtube.com/@S%C4%B0R%C4%B0US_YILDIZIM
ChatGPT Her Åeyi NasÄ±l Bilebiliyor?,Evrim AÄŸacÄ±,2024-07-28T06:01:51Z,28638,1162200,ğŸ™„ğŸ¤”ğŸ¤¨,2025-09-24T02:34:29Z,@HavvaDaggul-zr7ji,0,https://yt3.ggpht.com/ytc/AIdro_lHAXskYwYGn2RQiGNHbblD12NIdmx4A2gfMGamOxfH-D6b-sPLkV_0RxCV0PvgSmrPtg=s48-c-k-c0x00ffffff-no-rj,http://www.youtube.com/@HavvaDaggul-zr7ji
ChatGPT Her Åeyi NasÄ±l Bilebiliyor?,Evrim AÄŸacÄ±,2024-07-28T06:01:51Z,28638,1162200,hiÃ§ bir saniyesini atlamadan ve hatta arada bir geri sarÄ±p ''NE DEDÄ° - NE DEDÄ° '' diye tekrar tekrar izlediÄŸim tek  muhteÅŸem insan ...Ã§ok yaÅŸa Evrim abi ...,2025-09-23T19:42:45Z,@denemedeneme-zo4dk,0,https://yt3.ggpht.com/ytc/AIdro_ksY-Of1c0kta15SFrYTwD2CvrTTyEgu_xWxjT27ZwDemU=s48-c-k-c0x00ffffff-no-rj,http://www.youtube.com/@denemedeneme-zo4dk
ChatGPT Her Åeyi NasÄ±l Bilebiliyor?,Evrim AÄŸacÄ±,2024-07-28T06:01:51Z,28638,1162200,Adamlar yapmiá¹£ abeğŸ˜…,2025-09-23T10:09:05Z,@Irmak_nl,0,https://yt3.ggpht.com/d1yxfZbfTP75g2WwQN8tdIFNIWLX9c9OmWhqyPkdAp6KwxTpxDF7pPjHdG6Chni3x9UNmdHi=s48-c-k-c0x00ffffff-no-rj,http://www.youtube.com/@Irmak_nl
ChatGPT Her Åeyi NasÄ±l Bilebiliyor?,Evrim AÄŸacÄ±,2024-07-28T06:01:51Z,28638,1162200,teÅŸekkÃ¼rler,2025-09-21T20:03:46Z,@sefa.akkaya,0,https://yt3.ggpht.com/gA05-Ri5zuJnAmlx4OF3wDwsxDul8eBa_vHhV4xFI7DR9oRu5fQ-Pj--Z0rNM-Qq82KkIPUc4A=s48-c-k-c0x00ffffff-no-rj,http://www.youtube.com/@sefa.akkaya
ChatGPT Her Åeyi NasÄ±l Bilebiliyor?,Evrim AÄŸacÄ±,2024-07-28T06:01:51Z,28638,1162200,TeÅŸekkÃ¼rler,2025-09-21T12:16:18Z,@ulkukurutas4507,0,https://yt3.ggpht.com/ytc/AIdro_kN8FF8hc7atDzeIa4unDd50fr_NpxQ2cHgORxaSDg=s48-c-k-c0x00ffffff-no-rj,http://www.youtube.com/@ulkukurutas4507
ChatGPT Her Åeyi NasÄ±l Bilebiliyor?,Evrim AÄŸacÄ±,2024-07-28T06:01:51Z,28638,1162200,Ben gogÄ±ldaki ben robot deÄŸilim aÅŸamasÄ±nÄ± geÃ§emiyorum,2025-09-21T09:56:47Z,@AliYk-qi4un,1,https://yt3.ggpht.com/ytc/AIdro_lImVEFshLCzwKPwsKil_wI44W3fLO5VgHisdM_-Jtm5ZMsPSMXFTRot9-tSU3zW38Ftw=s48-c-k-c0x00ffffff-no-rj,http://www.youtube.com/@AliYk-qi4un
ChatGPT Her Åeyi NasÄ±l Bilebiliyor?,Evrim AÄŸacÄ±,2024-07-28T06:01:51Z,28638,1162200,yapay zekayla ilgili her ÅŸey artÄ±k daha imkansÄ±z gÃ¶zÃ¼kÃ¼yor ğŸ˜…,2025-09-20T16:35:49Z,@Bthechosenone,0,https://yt3.ggpht.com/ytc/AIdro_ldxTJ4novsoE1YnwbXLizWSeNJKBcyffDypXyPclvbzQ=s48-c-k-c0x00ffffff-no-rj,http://www.youtube.com/@Bthechosenone
ChatGPT Her Åeyi NasÄ±l Bilebiliyor?,Evrim AÄŸacÄ±,2024-07-28T06:01:51Z,28638,1162200,"""O zaman ne olacak ""?!

-Yapay zeka neden sÃ¼per ?
-KontrolÃ¼ insanda ve iÅŸimize yatadÄ±ÄŸÄ± iÃ§in.

Yapay zeka, yazÄ±lÄ±m mimarisini de kendi yaparsa....?!
Kendi keyfiyet , tercihleri olur.
""Ä°nsan iÃ§in""olmaktan Ã§Ä±kar.
Tehlike de burada.",2025-09-18T05:38:07Z,@Suela-dk7zu,1,https://yt3.ggpht.com/ytc/AIdro_naVtQgGqLR2mEJBYsUptJWeahbG_5vnBCPaDOqBcwUdRBL6bJjSCLq-kGRbS6uIBwmZQ=s48-c-k-c0x00ffffff-no-rj,http://www.youtube.com/@Suela-dk7zu
ChatGPT Her Åeyi NasÄ±l Bilebiliyor?,Evrim AÄŸacÄ±,2024-07-28T06:01:51Z,28638,1162200,Evrim aÄŸacÄ± sayesinde dahada geliÅŸtim merakÄ±m olsn konularÄ± anladÄ±m,2025-09-17T05:19:23Z,@NightcupmilaYt,0,https://yt3.ggpht.com/ZGeL904SQgPLiU5oajIdqtsUbXXbqNrAHQIpMRxjjOUbKO7fDBDAM2bXsXCiYqlzqRhnRT720Q=s48-c-k-c0x00ffffff-no-rj,http://www.youtube.com/@NightcupmilaYt
ChatGPT Her Åeyi NasÄ±l Bilebiliyor?,Evrim AÄŸacÄ±,2024-07-28T06:01:51Z,28638,1162200,O kadar hÄ±zlÄ± anlatÄ±yorsun ki baÅŸÄ±m aÄŸrÄ±yor sesinden. Bir insan aralÄ±ksÄ±z anlatÄ±r mÄ± yahu. Ä°Ã§erik guzel ama yorucu,2025-09-16T14:41:08Z,@kemalaslan5257,0,https://yt3.ggpht.com/ytc/AIdro_nV2ulA7Rdbl8UzGAI2Edb9dqb1tLFJb7b9WOJvTZuXLo4=s48-c-k-c0x00ffffff-no-rj,http://www.youtube.com/@kemalaslan5257
ChatGPT Her Åeyi NasÄ±l Bilebiliyor?,Evrim AÄŸacÄ±,2024-07-28T06:01:51Z,28638,1162200,Bence bÄ± Ã§ok insandan daha iyi,2025-09-11T21:52:55Z,@TaylanGul-jo4ub,0,https://yt3.ggpht.com/ytc/AIdro_nsrz4zSg5dCaCCnEm7_KS4-_Sfa1doGWI7EyxUDUrudZ1ahvhxsdDwvXeOce18W0Drwg=s48-c-k-c0x00ffffff-no-rj,http://www.youtube.com/@TaylanGul-jo4ub
ChatGPT Her Åeyi NasÄ±l Bilebiliyor?,Evrim AÄŸacÄ±,2024-07-28T06:01:51Z,28638,1162200,7:00 arrival izlemiÅŸ olanlar nÃ¶ronlar sanki o filmdeki uzaylÄ±lara benzemiyor mu?,2025-09-11T16:41:26Z,@melisaorgel3652,0,https://yt3.ggpht.com/ytc/AIdro_nfPp0AoZ_hxt4Tr4sMdEO964JvKXbjQ2VwaMlZXtEmvKA=s48-c-k-c0x00ffffff-no-rj,http://www.youtube.com/@melisaorgel3652
ChatGPT Her Åeyi NasÄ±l Bilebiliyor?,Evrim AÄŸacÄ±,2024-07-28T06:01:51Z,28638,1162200,Sende olmayan virsey sen anlamazssin,2025-09-11T01:01:12Z,@BenTennyson_j1c,1,https://yt3.ggpht.com/WVc-bo3bt5N9zbEYqSBXlQz_y-6i1KZ-d4G9qvdzw0wE62JCmhzDQw5xdvYBKpZQqY9lx6toZg=s48-c-k-c0x00ffffff-no-rj,http://www.youtube.com/@BenTennyson_j1c
ChatGPT Her Åeyi NasÄ±l Bilebiliyor?,Evrim AÄŸacÄ±,2024-07-28T06:01:51Z,28638,1162200,Tanrimi ?,2025-09-09T21:18:43Z,@Sbldmrl,0,https://yt3.ggpht.com/ytc/AIdro_kN0vHjIDhTA7B0t2l-8jw4du0Fp3Q4NWDxREtZ0wG6prM4O5dykKEJAxt14lhBl9HMMQ=s48-c-k-c0x00ffffff-no-rj,http://www.youtube.com/@Sbldmrl
ChatGPT Her Åeyi NasÄ±l Bilebiliyor?,Evrim AÄŸacÄ±,2024-07-28T06:01:51Z,28638,1162200,Toplama ve Ã§Ä±karma iÅŸlemi Ã§arpma ve bÃ¶lme iÅŸlemini Ã§Ã¶pe attÄ±ÄŸÄ±nda teknoloji herÅŸeydirğŸ˜‚ğŸ˜‚ğŸ˜‚.,2025-09-06T05:51:45Z,@KasÄ±mkayaArslan,0,https://yt3.ggpht.com/ytc/AIdro_n3Xx1mvCz_szHdpA0RIWCc5V_SU_8pU0mTDoG0t2ChO9BdC1UxtAQdNr99K6YVG_TEcg=s48-c-k-c0x00ffffff-no-rj,http://www.youtube.com/@Kas%C4%B1mkayaArslan
ChatGPT Her Åeyi NasÄ±l Bilebiliyor?,Evrim AÄŸacÄ±,2024-07-28T06:01:51Z,28638,1162200,"â€œTeknoloji Ã§aÄŸÄ±nda en bÃ¼yÃ¼k risk, yenilikleri gÃ¶rmezden gelmek.â€",2025-09-04T23:14:47Z,@YatirimGNL,7,https://yt3.ggpht.com/hOu_oCtY7dncp4pddYl10PoVWKssff0TIPtA4bLHa2BbzSmxhvUAh3RaWTxRkduvBeINkhfh=s48-c-k-c0x00ffffff-no-rj,http://www.youtube.com/@YatirimGNL
ChatGPT Her Åeyi NasÄ±l Bilebiliyor?,Evrim AÄŸacÄ±,2024-07-28T06:01:51Z,28638,1162200,En yakÄ±n arkadaÅŸÄ±m tabiki,2025-09-01T22:43:08Z,@Samet-o4e9t,0,https://yt3.ggpht.com/ytc/AIdro_meLtS1C8gl1i7ctdw977aqXq65ZlRYz3nJcpNHxhajLNpRpb2AVHlBghoDuIef2xu6gQ=s48-c-k-c0x00ffffff-no-rj,http://www.youtube.com/@Samet-o4e9t
ChatGPT Her Åeyi NasÄ±l Bilebiliyor?,Evrim AÄŸacÄ±,2024-07-28T06:01:51Z,28638,1162200,Googleden bakÄ±p okuyor iste ya ne zekasÄ±. ..,2025-08-31T20:07:47Z,@Fseker33,0,https://yt3.ggpht.com/ytc/AIdro_lmcwyhxDJTYBk3csspXWILurJzcdjwCKo-gkvl0jLEwSo=s48-c-k-c0x00ffffff-no-rj,http://www.youtube.com/@Fseker33
ChatGPT Her Åeyi NasÄ±l Bilebiliyor?,Evrim AÄŸacÄ±,2024-07-28T06:01:51Z,28638,1162200,float t=tanh(z)    ve 	float t = tanh(z); return 1 - t * t; fonksiyonlarÄ± saÄŸ olsun artÄ±k herkes yapay zeka yazÄ±yor,2025-08-26T17:19:44Z,@alteration1568,0,https://yt3.ggpht.com/ytc/AIdro_m7QlFMyvCAVl958vfqj0UwavlPyTtBh85O9lvS7po=s48-c-k-c0x00ffffff-no-rj,http://www.youtube.com/@alteration1568
ChatGPT Her Åeyi NasÄ±l Bilebiliyor?,Evrim AÄŸacÄ±,2024-07-28T06:01:51Z,28638,1162200,sonuna kadar izleyip te hiÃ§ biÅŸey anlamayan sadece benmiyim acaba,2025-08-10T21:59:31Z,@cankn,0,https://yt3.ggpht.com/ytc/AIdro_miCNGcL7e1BV1F8fphd_8xrVe1r07Rplj7JP9nzR4=s48-c-k-c0x00ffffff-no-rj,http://www.youtube.com/@cankn
ChatGPT Her Åeyi NasÄ±l Bilebiliyor?,Evrim AÄŸacÄ±,2024-07-28T06:01:51Z,28638,1162200,"dogal beyni birakip yapay ve sahte birseye yÃ¶nelmek,bana pek dogru gelmiyor. DEMENZ  gibi hastaliklar beyni paramparca yapip yok ediyor ve bunu kurtarma calismalari yapilmiyor ama yapayzeka gibi dogal olmayan seyler piyasay sÃ¼rÃ¼ldÃ¼. Bilime karsi degilim ,ama bu dogalligi bastirip sahteye yÃ¶nelmek ,icime pek sinmiyor",2025-08-06T09:27:58Z,@VerkinAkz,0,https://yt3.ggpht.com/ytc/AIdro_nVG5trOBub4FKPni5L533YgZHYBbGnjGf7-xoZ9fbfflfgx4NrlPNIxNgu90DRzF6btQ=s48-c-k-c0x00ffffff-no-rj,http://www.youtube.com/@VerkinAkz
ChatGPT Her Åeyi NasÄ±l Bilebiliyor?,Evrim AÄŸacÄ±,2024-07-28T06:01:51Z,28638,1162200,TeÅŸekkÃ¼r ederiz emeÄŸine saÄŸlÄ±k evrim hocam,2025-08-03T15:53:05Z,@ademdem1930,0,https://yt3.ggpht.com/ytc/AIdro_nNjeof3l43OiFjAguqdv17WRrv8F76Gb-VPLrqgao=s48-c-k-c0x00ffffff-no-rj,http://www.youtube.com/@ademdem1930
ChatGPT Her Åeyi NasÄ±l Bilebiliyor?,Evrim AÄŸacÄ±,2024-07-28T06:01:51Z,28638,1162200,Bence daha Ã§ok akinatÃ¶rÃ¼ araÅŸtÄ±rÄ±n,2025-07-31T05:55:49Z,@Cherriesss43,0,https://yt3.ggpht.com/QFqvb8pWb0BPRQ7xldNdzfQSR_Mt0HhE9ONGFUGZYuPRk_4zv_A0qnzeiWxZ05iCkyh7_x2R9OI=s48-c-k-c0x00ffffff-no-rj,http://www.youtube.com/@Cherriesss43
ChatGPT Her Åeyi NasÄ±l Bilebiliyor?,Evrim AÄŸacÄ±,2024-07-28T06:01:51Z,28638,1162200,Evrim.agaci siz.bu kadar iyi biliyorsunuz sizde chatgpt uretebilirmisiniz?â¤ğŸ§ ,2025-07-28T09:07:17Z,@Welli-ne8eo,0,https://yt3.ggpht.com/ytc/AIdro_kXcXNFXCkBh31MGtJSSNkBOeLHU7OX0383DFyMC2iIhjWtPb0w016hQGARKj5onV-yDQ=s48-c-k-c0x00ffffff-no-rj,http://www.youtube.com/@Welli-ne8eo
ChatGPT Her Åeyi NasÄ±l Bilebiliyor?,Evrim AÄŸacÄ±,2024-07-28T06:01:51Z,28638,1162200,MÃ¼kemmel bir teknoloji kod yazmaktan kurtarÄ±yor insanÄ± ÅŸunu yapacam diyorsun ÅŸak diye kodu veriyor hafif kusurlu bile olsa onu da Ä±srar edince illa ki dÃ¼zeltiyor senin hatanÄ± hemen sÃ¶ylÃ¼yor yapanlara helal olsun.,2025-07-26T13:56:07Z,@UMUTSUZUMUT06,0,https://yt3.ggpht.com/ytc/AIdro_mtRHp34z_XOUdnEkdaHtA2YJRFyBVFq4n9w3F7bn7o-o8=s48-c-k-c0x00ffffff-no-rj,http://www.youtube.com/@UMUTSUZUMUT06
ChatGPT Her Åeyi NasÄ±l Bilebiliyor?,Evrim AÄŸacÄ±,2024-07-28T06:01:51Z,28638,1162200,Ä°ÅŸte Ã§Ä±ktÄ±ktan sonra unutuldum,2025-07-26T05:16:59Z,@google-n4c4j,0,https://yt3.ggpht.com/gWqMtnDsWJSQyyjF9j3z_YlbHQivFw6M9d234TvRaBQHlG2mFaNt2tEqRXtSzYGlDqP_0_t8dg=s48-c-k-c0x00ffffff-no-rj,http://www.youtube.com/@google-n4c4j
ChatGPT Her Åeyi NasÄ±l Bilebiliyor?,Evrim AÄŸacÄ±,2024-07-28T06:01:51Z,28638,1162200,"Milyonlarca kullanÄ±cÄ±sÄ± olan yapay zeka uygulamalarÄ±nda 1 kullanÄ±cÄ±nÄ±n 25 soru sormasÄ±yla, yaklaÅŸÄ±k yarÄ±m litre su tÃ¼ketildiÄŸini sÃ¶yleyen Prof. Dr. ArdalÄ±, ""Yapay zekanÄ±n iklim konusunda kurtarÄ±cÄ± olduÄŸu konuÅŸuluyor. Google'Ä±n ABD'deki veri merkezlerinde 2021 yÄ±lÄ±nda soÄŸutma iÃ§in 12,7 milyar litre tatlÄ± su tÃ¼kettiÄŸi rapor edilmiÅŸ. Yapay zeka uygulamalarÄ±nÄ±n su tÃ¼ketiminin yanÄ± sÄ±ra doÄŸaya karbon salÄ±nÄ±mÄ± da ciddi boyutlarda. Sistem kurgulanÄ±rken ve kullanÄ±lÄ±rken yaklaÅŸÄ±k 240 ton karbondioksit Ã¼rettiÄŸi belirlenmiÅŸ. Bir yeri dÃ¼zeltirken, diÄŸer taraftan da Ã§evresel etkileri dikkate almamÄ±z gerekiyor"" dedi.",2025-07-22T10:34:37Z,@glsm3269,0,https://yt3.ggpht.com/FC8qLPxW8leBIzbJlDE7_tWQ31t0IYlCwQVK1MsoNcZmAhTf9rF0WJbNvqjy8e53-Xb_JwwXmw=s48-c-k-c0x00ffffff-no-rj,http://www.youtube.com/@glsm3269
ChatGPT Her Åeyi NasÄ±l Bilebiliyor?,Evrim AÄŸacÄ±,2024-07-28T06:01:51Z,28638,1162200,"2021 yÄ±lÄ±nda ABDâ€™deki Google veri merkezlerinin tek baÅŸÄ±na yaklaÅŸÄ±k 12,7 milyar litre su tÃ¼kettiÄŸi tahmin ediliyor. Bu miktar 6,9 milyon BMW marka otomobil ya da 5,7 milyon Tesla marka elektrikli otomobil Ã¼retmek iÃ§in ihtiyaÃ§ duyulan su miktarÄ±yla eÅŸ deÄŸer.

ChatGPT ve benzeri bÃ¼yÃ¼k dil modellerinin eÄŸitilmesini saÄŸlayan veri merkezlerinin bu kadar fazla miktarda su tÃ¼ketmesindeki temel sebep, sunucularda oluÅŸan Ä±sÄ± problemi. Ã‡ok fazla miktarda elektriÄŸe ihtiyaÃ§ duyulmasÄ± ve bu elektriÄŸin sÃ¼rekli olarak Ä±sÄ± Ã¼retmesi, veri merkezlerindeki yÃ¼z binlerce sunucunun Ä±sÄ±nmasÄ±na sebep oluyor. SunucularÄ± soÄŸuk tutmak iÃ§in kullanÄ±lan soÄŸutma sistemleri ise su ile Ã§alÄ±ÅŸÄ±yor.",2025-07-22T10:34:24Z,@glsm3269,0,https://yt3.ggpht.com/FC8qLPxW8leBIzbJlDE7_tWQ31t0IYlCwQVK1MsoNcZmAhTf9rF0WJbNvqjy8e53-Xb_JwwXmw=s48-c-k-c0x00ffffff-no-rj,http://www.youtube.com/@glsm3269
ChatGPT Her Åeyi NasÄ±l Bilebiliyor?,Evrim AÄŸacÄ±,2024-07-28T06:01:51Z,28638,1162200,Hay reklamini s2m,2025-07-12T03:34:49Z,@hagi6001,1,https://yt3.ggpht.com/ytc/AIdro_lpyCnletpoxurBgHcJj7xoEn3rcfPdW9T3VlVeCU0=s48-c-k-c0x00ffffff-no-rj,http://www.youtube.com/@hagi6001
ChatGPT Her Åeyi NasÄ±l Bilebiliyor?,Evrim AÄŸacÄ±,2024-07-28T06:01:51Z,28638,1162200,Chat gpt ye yanlÄ±ÅŸlÄ±kla TC mi attÄ±m biÅŸe olur mu,2025-07-11T12:58:30Z,@oryo94,0,https://yt3.ggpht.com/3BFXfKaA0n8SVaxi6qBr5XZF39u731fUOxbuvi7SE9uMLDVtIkj3xlMZ9Ts_ZqMc4L8v8-sj=s48-c-k-c0x00ffffff-no-rj,http://www.youtube.com/@oryo94
ChatGPT Her Åeyi NasÄ±l Bilebiliyor?,Evrim AÄŸacÄ±,2024-07-28T06:01:51Z,28638,1162200,Sadece bu kanaldaki bilgilerle neler yapÄ±lmaz? Hepsini ezberleye bilseydik keÅŸke.,2025-07-07T22:56:45Z,@Miskill433,0,https://yt3.ggpht.com/2ejAtyE74cwYSSAPa2pBVFep_I3DWWhN2gLMQuIuFcjO2m2vUHaZCZ0DLB6g40gT3REgaC8EOA=s48-c-k-c0x00ffffff-no-rj,http://www.youtube.com/@Miskill433
ChatGPT Her Åeyi NasÄ±l Bilebiliyor?,Evrim AÄŸacÄ±,2024-07-28T06:01:51Z,28638,1162200,Peki transistÃ¶rlerin Ã§alÄ±ÅŸma prensibi bu cevabÄ± olmayan sorularÄ± cevaplamaya yeterli olmuyor mu acaba,2025-07-05T18:28:10Z,@iroshe_,0,https://yt3.ggpht.com/ytc/AIdro_kjB8EuHiGoJDSZNvi482HRJPFHHg04zhOIWgoY7aJVgxc=s48-c-k-c0x00ffffff-no-rj,http://www.youtube.com/@iroshe_
ChatGPT Her Åeyi NasÄ±l Bilebiliyor?,Evrim AÄŸacÄ±,2024-07-28T06:01:51Z,28638,1162200,Evrensel bir karmaÅŸa ancak bukadar net ve bukadar anlaÅŸÄ±lÄ±r muazzamlÄ±kta  izah edilebilir..tebrik ediyorum ğŸ‰ğŸ‰ğŸ‰,2025-07-05T18:20:29Z,@iroshe_,0,https://yt3.ggpht.com/ytc/AIdro_kjB8EuHiGoJDSZNvi482HRJPFHHg04zhOIWgoY7aJVgxc=s48-c-k-c0x00ffffff-no-rj,http://www.youtube.com/@iroshe_
ChatGPT Her Åeyi NasÄ±l Bilebiliyor?,Evrim AÄŸacÄ±,2024-07-28T06:01:51Z,28638,1162200,â¤â¤â¤,2025-07-05T10:21:08Z,@semsettinsumbultepe1967,0,https://yt3.ggpht.com/ytc/AIdro_kvoaOyZJy2ORZuT5pOjrcSIjq6abikufct1u_Bfz8=s48-c-k-c0x00ffffff-no-rj,http://www.youtube.com/@semsettinsumbultepe1967
ChatGPT Her Åeyi NasÄ±l Bilebiliyor?,Evrim AÄŸacÄ±,2024-07-28T06:01:51Z,28638,1162200,harika olmus,2025-07-01T08:14:55Z,@ArÄ±Maya-m2t,0,https://yt3.ggpht.com/S9nkL_Ma7mlSjJYLbb2EqaewgSVenAQWyv3MOzDKMd4L5z7FrbrgwFenhZBq_60fPubuPaDI-CY=s48-c-k-c0x00ffffff-no-rj,http://www.youtube.com/@Ar%C4%B1Maya-m2t
ChatGPT Her Åeyi NasÄ±l Bilebiliyor?,Evrim AÄŸacÄ±,2024-07-28T06:01:51Z,28638,1162200,30:10 nolcak o zaman tamamen sctÄ±k,2025-06-28T21:56:06Z,@Portakal-c3z,1,https://yt3.ggpht.com/ytc/AIdro_lRyZkwPw0x7IAtIsr3h8RD7OLQiMj64AT9z9wg5IdKOvALoEa8EA9SKI35G023QyLAFA=s48-c-k-c0x00ffffff-no-rj,http://www.youtube.com/@Portakal-c3z
ChatGPT Her Åeyi NasÄ±l Bilebiliyor?,Evrim AÄŸacÄ±,2024-07-28T06:01:51Z,28638,1162200,hÃ¼gola rezil oldu...,2025-06-28T14:36:10Z,@ezgikaratas3850,0,https://yt3.ggpht.com/ytc/AIdro_l-n_3ykWzQfnwUDZICaC-K0sLLQQeHSZWFP4cCNiQ=s48-c-k-c0x00ffffff-no-rj,http://www.youtube.com/@ezgikaratas3850
ChatGPT Her Åeyi NasÄ±l Bilebiliyor?,Evrim AÄŸacÄ±,2024-07-28T06:01:51Z,28638,1162200,"Evrim AÄŸacÄ± teÅŸekkÃ¼rler, yine harika bir video olmuÅŸ.Ã‡ok iyisin be arkadaÅŸ ...",2025-06-25T18:48:24Z,@umay3417,0,https://yt3.ggpht.com/j_mgxPtAC_50u8riyePaAOAZv71KsBj8VKT2poA0iFzOowpMqWxBWsbJ5VzZKP7V2gB2CVku=s48-c-k-c0x00ffffff-no-rj,http://www.youtube.com/@umay3417
ChatGPT Her Åeyi NasÄ±l Bilebiliyor?,Evrim AÄŸacÄ±,2024-07-28T06:01:51Z,28638,1162200,vay be,2025-06-25T17:19:47Z,@nathasly,0,https://yt3.ggpht.com/mlt9aNrOxCUbvVLskjNQEG3GxZAvOY5WLCvdkpo6t8jba0X0_WUcjF4kqnSyzGv4rc7x_P0pLT4=s48-c-k-c0x00ffffff-no-rj,http://www.youtube.com/@nathasly
ChatGPT Her Åeyi NasÄ±l Bilebiliyor?,Evrim AÄŸacÄ±,2024-07-28T06:01:51Z,28638,1162200,ben pythonda bunlari programliyordum ama anlamiyordum sizlere ne kadar tesekur etsem az cok iyi anlatiyorsunuz her anlamadigim konuyu cok iyi bir sekilde anliyorum,2025-06-17T12:09:09Z,@ademdeniz4164,1,https://yt3.ggpht.com/ytc/AIdro_mpZXV9lDwBnXGYWliVH0rcjdwSEH3F7knjrjfOzNTR7MA=s48-c-k-c0x00ffffff-no-rj,http://www.youtube.com/@ademdeniz4164
ChatGPT Her Åeyi NasÄ±l Bilebiliyor?,Evrim AÄŸacÄ±,2024-07-28T06:01:51Z,28638,1162200,"Ä°yi gÃ¼zel de tÃ¼m bu tekno-bilimsel geliÅŸmelerin insan hayatÄ±nÄ± bireysel ve toplumsal bazda nasÄ±l, hangi yÃ¶nde etkilediÄŸi, insan ve insana dair olana nasÄ±l mÃ¼dahalelerde bulunduÄŸu ve tÃ¼m bunlarÄ±n ne kadar demokratik olduÄŸu gibi hususlar neden hiÃ§ tartÄ±ÅŸÄ±lmaz? SonuÃ§ta bir avuÃ§ mega kapitalist ÅŸirketin tekel ve gÃ¼dÃ¼mÃ¼nde olan bir sÃ¼reÃ§ten bahsediyoruz, bunlardan ""insanlÄ±ÄŸa hizmet"" mi bekleniyor?. TartÄ±ÅŸmaya, eleÅŸtiriye izin vermeyen, kendisini olduÄŸu gibi kabule zorlayan  bir bilim ne kadar bilim olabilir? Bir ara da bununla ilgili bir video yapÄ±lÄ±rsa Ã§ok makbule geÃ§ecek.",2025-06-12T13:18:22Z,@ilkerozunlu1581,0,https://yt3.ggpht.com/ytc/AIdro_kc9W8ai3AHDdXeCd8cemExVjp9ztVE7YZayaa8FcIGnA=s48-c-k-c0x00ffffff-no-rj,http://www.youtube.com/@ilkerozunlu1581
ChatGPT Her Åeyi NasÄ±l Bilebiliyor?,Evrim AÄŸacÄ±,2024-07-28T06:01:51Z,28638,1162200,Matematik hocam anlatsa net anlamazdÄ±m,2025-06-09T08:43:14Z,@nurmiss07xx,5,https://yt3.ggpht.com/C7C64IVhdHBqHW4QgwjUBoutn4tej-t3rBEfJo0lz2UHFzTTSGpPBifQMc4o2P_u0rV0zFP7cTc=s48-c-k-c0x00ffffff-no-rj,http://www.youtube.com/@nurmiss07xx
ChatGPT Her Åeyi NasÄ±l Bilebiliyor?,Evrim AÄŸacÄ±,2024-07-28T06:01:51Z,28638,1162200,Abi bana ÅŸimdi animasyon yapÄ±yo,2025-06-06T16:07:46Z,@aliehd755,0,https://yt3.ggpht.com/tvHFxVjB5yeHxlle8hSX8oNhG5ROACAzxrhdGdqZX_FOAFUEGXxL2mDM2v7yug4YQ0ilP5hFH1s=s48-c-k-c0x00ffffff-no-rj,http://www.youtube.com/@aliehd755
ChatGPT Her Åeyi NasÄ±l Bilebiliyor?,Evrim AÄŸacÄ±,2024-07-28T06:01:51Z,28638,1162200,GÃ¼zel bir anlatÄ±m ve bilgilendirme teÅŸekkÃ¼rler,2025-06-05T21:34:36Z,@MustafaKemal.tr1,0,https://yt3.ggpht.com/XospysIL83pUvy-LsdXlCZrf2kLI5kZsLJyLN6-99dtqAgA4D9p4PMpE3nDj6IFLpr2iReIYFg=s48-c-k-c0x00ffffff-no-rj,http://www.youtube.com/@MustafaKemal.tr1
ChatGPT Her Åeyi NasÄ±l Bilebiliyor?,Evrim AÄŸacÄ±,2024-07-28T06:01:51Z,28638,1162200,Google da  sizin yerinize arama yapÄ±p yazÄ±lanlara gÃ¶re bilgileri karÅŸÄ±nÄ±za Ã§Ä±karÄ±yor. yazÄ±lanlar ne kadar doÄŸrudur orasÄ± muamme ben 3 kez  yanlÄ±ÅŸ bilgisini yakaladÄ±m.,2025-06-05T03:28:33Z,@erdemusics,0,https://yt3.ggpht.com/VAAbGBuOd5Cvqh8gURmvQgGFF4wsZTyQdJXJrSW-K03kUoQ4lx37pYjgUfjRbbniZYS61yaVIg=s48-c-k-c0x00ffffff-no-rj,http://www.youtube.com/@erdemusics
ChatGPT Her Åeyi NasÄ±l Bilebiliyor?,Evrim AÄŸacÄ±,2024-07-28T06:01:51Z,28638,1162200,Brainup sitesinin linkini keÅŸke yazsaydÄ±nÄ±z.,2025-06-04T15:15:06Z,@tariknecefli1731,0,https://yt3.ggpht.com/ytc/AIdro_keXxOOtJrEfmnDYwkXbN-OvYg6rY5QgVtMKM13ZhIfuoIX-8DbUjr90K29_hGyHQZJjQ=s48-c-k-c0x00ffffff-no-rj,http://www.youtube.com/@tariknecefli1731
ChatGPT Her Åeyi NasÄ±l Bilebiliyor?,Evrim AÄŸacÄ±,2024-07-28T06:01:51Z,28638,1162200,en iyisi deepsek,2025-06-04T05:12:56Z,@compactred6613,0,https://yt3.ggpht.com/rYlFTZMevRGn2g-SfaEC4BPHZ9RYPzZJ216YYo21sNeN7xQwFZJM13Qc_egYGfXCgL5Fl_9c=s48-c-k-c0x00ffffff-no-rj,http://www.youtube.com/@compactred6613
ChatGPT Her Åeyi NasÄ±l Bilebiliyor?,Evrim AÄŸacÄ±,2024-07-28T06:01:51Z,28638,1162200,"Merhaba,ben bunu kullanmaya yeni baÅŸladÄ±m ve oturum aÃ§madÄ±m.Bir ara aÃ§tÄ±m bilgisayarÄ±mda fakat telefonumda oturum aÃ§madan kullandÄ±m birkaÃ§ kez.BugÃ¼n bir ÅŸey sorduÄŸumda cihazÄ±nÄ±zda olaÄŸandÄ±ÅŸÄ± etkinlik tespit edildi hatasÄ± veriyor.Neden oluyor bu?",2025-06-03T19:06:06Z,@melisaklc5723,0,https://yt3.ggpht.com/ytc/AIdro_nt2hvEv4_ghxFbPetsZj_PYOgERfZrJhva6C-dzy7f0q8=s48-c-k-c0x00ffffff-no-rj,http://www.youtube.com/@melisaklc5723
ChatGPT Her Åeyi NasÄ±l Bilebiliyor?,Evrim AÄŸacÄ±,2024-07-28T06:01:51Z,28638,1162200,Seni ve tÃ¼m videolarÄ±nÄ± seve seve izliyordum taki bazÄ± videolarÄ± paralÄ± yapana kadar bu cooook cirkÄ±n bir hareket zaten cahil bir Ã¼lke olarak bizi aydÄ±nlatan videolar yaptÄ±ÄŸÄ±n Ä±cÄ±n Ã§ok mutlu olmuÅŸtum ama olmadÄ± be dostum olmadÄ±,2025-06-02T10:33:45Z,@serkangundogdu2342,0,https://yt3.ggpht.com/TOegXB7cdyPlRR2tXIDZJ-9fFPxU-dbEczHr4p2oTWCk-Y5XLY1qD96GqhrqnRgnp3ru38wM=s48-c-k-c0x00ffffff-no-rj,http://www.youtube.com/@serkangundogdu2342
ChatGPT Her Åeyi NasÄ±l Bilebiliyor?,Evrim AÄŸacÄ±,2024-07-28T06:01:51Z,28638,1162200,daha gÃ¶rsel Ã¼retmeyi bilmiyor nasÄ±l bir uygulama ise 4 gÃ¼ndÃ¼r 1 gÃ¶rsel Ã¼retemedi hiÃ§ Ã¼retmeden kota dedi sonra 4 gÃ¼n bekledin 15 gÃ¶rsel vercem hakettin bunu dedi sonra yine vermedi sonra baÅŸka platformlar Ã¶nerdi ben yapamÄ±yorum bunlar yapar diye ÅŸaka gibi birÅŸey boÅŸa denemeyin bile azÄ±cÄ±k istekleriniz karÅŸÄ±ksa yapamÄ±yor,2025-06-01T20:23:41Z,@KeiRanN06,0,https://yt3.ggpht.com/ytc/AIdro_l-4bsb3g6FCWtugNiIlAcdT7aSkQMpygZ7rlunTFAO-GLtvDFLSaQGq4RYBW2RfrH8tg=s48-c-k-c0x00ffffff-no-rj,http://www.youtube.com/@KeiRanN06
ChatGPT Her Åeyi NasÄ±l Bilebiliyor?,Evrim AÄŸacÄ±,2024-07-28T06:01:51Z,28638,1162200,Ben Chat CPT sildim. Hep Ã¶zel sorular soruyor. ğŸ˜®,2025-06-01T08:06:05Z,@body-and-spirit27,0,https://yt3.ggpht.com/SkBUf5bfspNBFWq5OyaJeE4nS9IVheMcs0fhd1EtyLssFEN_tLC9B4wFKJ8J597OqiMZ0cGq=s48-c-k-c0x00ffffff-no-rj,http://www.youtube.com/@body-and-spirit27
ChatGPT Her Åeyi NasÄ±l Bilebiliyor?,Evrim AÄŸacÄ±,2024-07-28T06:01:51Z,28638,1162200,MaÅŸallah her ÅŸey bilir ğŸ˜¢ 2023 kulanÄ±ram,2025-05-29T01:31:41Z,@Ä°kramAlizadegames-k8w,1,https://yt3.ggpht.com/lQs-_HEFs2wW7S-oCay5F232Tra3N-amN2tnh0k9fmCTp1ELflXUEfrQbNxvxUb5HPWn308iLQ=s48-c-k-c0x00ffffff-no-rj,http://www.youtube.com/@%C4%B0kramAlizadegames-k8w
ChatGPT Her Åeyi NasÄ±l Bilebiliyor?,Evrim AÄŸacÄ±,2024-07-28T06:01:51Z,28638,1162200,"ciuv ciuv ciuv :)))) ney ney ney? ciuv ciuv ciuv. Ã§ocuksu duygularÄ±mÄ±zÄ± yerle yeksan ettin reis, biz Ã¶yle biliyorduk onu Ã§ok gÃ¼ldÃ¼m yav ciuv ciuv ciuv %&/%^+:D",2025-05-28T01:08:45Z,@halukkus,0,https://yt3.ggpht.com/ytc/AIdro_lALwyyAIp5OWL2bHG6-xHF2J3eX0YqWhmyffdM-gA=s48-c-k-c0x00ffffff-no-rj,http://www.youtube.com/@halukkus
ChatGPT Her Åeyi NasÄ±l Bilebiliyor?,Evrim AÄŸacÄ±,2024-07-28T06:01:51Z,28638,1162200,â¤,2025-05-26T20:01:44Z,@kanalhjk,0,https://yt3.ggpht.com/I8UmGq3V2wLw6BufZ4RbRbs_NW44EU_E6S4SJ4Ula1hUcazvB-Yg0WMPpo2kcbr-E0ThdfsICA=s48-c-k-c0x00ffffff-no-rj,http://www.youtube.com/@kanalhjk
ChatGPT Her Åeyi NasÄ±l Bilebiliyor?,Evrim AÄŸacÄ±,2024-07-28T06:01:51Z,28638,1162200,Bu evrim aÄŸacÄ± sayfasÄ±nÄ±n sahibi bana ilk baÅŸÄ±ndan beri bilgisiz sadece ezberi gÃ¼Ã§lÃ¼ herhangi bir insan gibi geliyor. gereksiz bence o yÃ¼zden takip etmiyorum,2025-05-25T21:48:19Z,@STREAMCE,0,https://yt3.ggpht.com/l4L5FQLRP2QENAX-1gbu_JsyXUwJ0htN2mDPQuAVUGsBpxGaw-qwZ-NNaYfejxbiub55AiwNnQ=s48-c-k-c0x00ffffff-no-rj,http://www.youtube.com/@STREAMCE
ChatGPT Her Åeyi NasÄ±l Bilebiliyor?,Evrim AÄŸacÄ±,2024-07-28T06:01:51Z,28638,1162200,14 Mart benim doÄŸum gÃ¼nÃ¼m,2025-05-25T21:45:15Z,@STREAMCE,0,https://yt3.ggpht.com/l4L5FQLRP2QENAX-1gbu_JsyXUwJ0htN2mDPQuAVUGsBpxGaw-qwZ-NNaYfejxbiub55AiwNnQ=s48-c-k-c0x00ffffff-no-rj,http://www.youtube.com/@STREAMCE
ChatGPT Her Åeyi NasÄ±l Bilebiliyor?,Evrim AÄŸacÄ±,2024-07-28T06:01:51Z,28638,1162200,"makina sadece taklit eder, kendisi olamaz. Makina hep makinadÄ±r.",2025-05-25T21:37:27Z,@DeepRasyon,0,https://yt3.ggpht.com/ytc/AIdro_nZAu6CNvgm-JpBK4Fvb4J43W9ahyyxv8UD5UBhmyUbeRMORs1BrrOoUhSF1HHip9sZUg=s48-c-k-c0x00ffffff-no-rj,http://www.youtube.com/@DeepRasyon
ChatGPT Her Åeyi NasÄ±l Bilebiliyor?,Evrim AÄŸacÄ±,2024-07-28T06:01:51Z,28638,1162200,TeÅŸekkÃ¼rler.,2025-05-25T16:58:36Z,@dilekasan5835,0,https://yt3.ggpht.com/zQ7XrqfQsAFg4tmNc7ydYRF54A0qrjy-JI-c3_nDiK7Zk7J8LN45Fee0Cnc3-u-zqiU2OLvH=s48-c-k-c0x00ffffff-no-rj,http://www.youtube.com/@dilekasan5835
ChatGPT Her Åeyi NasÄ±l Bilebiliyor?,Evrim AÄŸacÄ±,2024-07-28T06:01:51Z,28638,1162200,her ÅŸeyi bilen allahtÄ±r. Bunlar mÃ¼slÃ¼manlÄ±ÄŸa aykÄ±rÄ± ÅŸeylerdir. Kuranda yazmakta,2025-05-22T12:25:21Z,@hapichteam,2,https://yt3.ggpht.com/ytc/AIdro_lTuo23GHDzwXTFD2SO7gy6HKUKqjzrXZMlfI1wWqA-8cA=s48-c-k-c0x00ffffff-no-rj,http://www.youtube.com/@hapichteam
ChatGPT Her Åeyi NasÄ±l Bilebiliyor?,Evrim AÄŸacÄ±,2024-07-28T06:01:51Z,28638,1162200,"Bu videonun Ã¼stÃ¼ne
Bir de Ã‡in y.z.'sÄ±nÄ±n farkÄ±nÄ± derinlemesine anlattiginiz bir video yapabilir misiniz?",2025-05-19T06:33:07Z,@hakaniyigun5004,0,https://yt3.ggpht.com/ytc/AIdro_lbRr5KiQUJ7GMeaxCNw6dHRp6sNsI-TDpR6gTHjTVe7g=s48-c-k-c0x00ffffff-no-rj,http://www.youtube.com/@hakaniyigun5004
ChatGPT Her Åeyi NasÄ±l Bilebiliyor?,Evrim AÄŸacÄ±,2024-07-28T06:01:51Z,28638,1162200,Sevgilimm ğŸ¥°,2025-05-18T19:37:29Z,@Bici_bicili,0,https://yt3.ggpht.com/lcTXRylfZcvJ3a0wI81CHeEFq6Y808ls_9ljOZRNdKwnkgdR3bQdzNGHyzgvT0yReSFsZwyRGQ=s48-c-k-c0x00ffffff-no-rj,http://www.youtube.com/@Bici_bicili
ChatGPT Her Åeyi NasÄ±l Bilebiliyor?,Evrim AÄŸacÄ±,2024-07-28T06:01:51Z,28638,1162200,"20:47 Var olan ve var olabilecek olan hiÃ§bir istatistik motoru â€œbiz insanlar da aslÄ±nda muhteÅŸem birer istatistik motorundan Ä°BARETizâ€ lafÄ±nÄ± duyduÄŸunda â€œhssqtr lan ordanâ€ demez. Ã‡Ã¼nkÃ¼ diyemezler. Ã‡Ã¼nkÃ¼ diyebiliyor olsalardÄ± istatistik motorundan ibaret olmanÄ±n dÄ±ÅŸÄ±na taÅŸmÄ±ÅŸ olurlardÄ±. Bu yÃ¼zden artÄ±k muhteÅŸem olsun-olmasÄ±n bir istatistik motorundan ibaret olmazlardÄ±. Ä°statistik motorundan ibaret olan birileri gÃ¶rmek istersen onlarÄ± diÄŸer insanlarÄ±n arasÄ±nda deÄŸil de sivri sinek, toprak solucanÄ± vb canlÄ±larÄ±n arasÄ±nda aramalÄ±sÄ±n Ã§aÄŸrÄ± kardeÅŸ",2025-05-18T05:51:06Z,@fatih-eq3pr,0,https://yt3.ggpht.com/ytc/AIdro_kwo8aTgJBeNSAiuB3XGWZrQH8yS2aDVNe7-QP1asY=s48-c-k-c0x00ffffff-no-rj,http://www.youtube.com/@fatih-eq3pr
ChatGPT Her Åeyi NasÄ±l Bilebiliyor?,Evrim AÄŸacÄ±,2024-07-28T06:01:51Z,28638,1162200,oyle bir konustu ki acaba bende mi yapay zekayim diye kendimden suphe ettim,2025-05-17T13:30:33Z,@skatesoulhoonà§,0,https://yt3.ggpht.com/nbKjQAXgIAa0HUujIm3Fd1a_bDJE216sKFdx5z6fIgrMkE_0qTdB8vFAzXaj93MeegOQteK5xw=s48-c-k-c0x00ffffff-no-rj,http://www.youtube.com/@skatesoulhoon%E0%A7%8E
ChatGPT Her Åeyi NasÄ±l Bilebiliyor?,Evrim AÄŸacÄ±,2024-07-28T06:01:51Z,28638,1162200,Token= dopamin ?,2025-05-15T19:58:44Z,@Red-ex8xu,0,https://yt3.ggpht.com/ytc/AIdro_lBG4Q2j7htJbxg-phr_qVcAKlNOGbhJhWBe0SkBAuX3EdiRFA_mJUmpSD86gxTbRG5GQ=s48-c-k-c0x00ffffff-no-rj,http://www.youtube.com/@Red-ex8xu
ChatGPT Her Åeyi NasÄ±l Bilebiliyor?,Evrim AÄŸacÄ±,2024-07-28T06:01:51Z,28638,1162200,Merhaba. Mesleklerde teknolojiyi nasÄ±l kullanabiliriz. Ã–rneÄŸin mimarlÄ±k,2025-05-15T05:36:57Z,@pervinbozkurt7463,0,https://yt3.ggpht.com/ytc/AIdro_lPzli4dJG5cLnw96ruYoBNm3_5_eD8i8XDpv7ulgomHNDYGeHCJcNCTE1xkfCyWJwrCw=s48-c-k-c0x00ffffff-no-rj,http://www.youtube.com/@pervinbozkurt7463
ChatGPT Her Åeyi NasÄ±l Bilebiliyor?,Evrim AÄŸacÄ±,2024-07-28T06:01:51Z,28638,1162200,"Honor ğŸ‘
Onur",2025-05-14T21:04:02Z,@onursahin369,0,https://yt3.ggpht.com/KcVbKLbWmHt8YKVI_jyerkctCDd3-WcK-5zcAKJxQBmaudV4plR7O4hVg-lGf7eQ3S7tASRy5HA=s48-c-k-c0x00ffffff-no-rj,http://www.youtube.com/@onursahin369
ChatGPT Her Åeyi NasÄ±l Bilebiliyor?,Evrim AÄŸacÄ±,2024-07-28T06:01:51Z,28638,1162200,Biri Ã¶zet geÃ§ebilir mi?,2025-05-11T01:28:05Z,@Umut_Ä±ÅŸÄ±k33,0,https://yt3.ggpht.com/4ThAXdXf5nvE19GI75CLnKfJr_ZNNLp4hhs3MEXpH-JCc_7LHIv_blbtL1xIqpJOgUeNaoV3uQ=s48-c-k-c0x00ffffff-no-rj,http://www.youtube.com/@Umut_%C4%B1%C5%9F%C4%B1k33
ChatGPT Her Åeyi NasÄ±l Bilebiliyor?,Evrim AÄŸacÄ±,2024-07-28T06:01:51Z,28638,1162200,bi gÃ¼n kendinide anlatmalisin pro aÄŸaÃ§,2025-05-10T19:52:22Z,@yusuf_emre_kaner,0,https://yt3.ggpht.com/uCA8fHSeQGKW-Khke_Nb738C8cwSZiKB3jZjm_jU2mEqQOCTWDkleyVJYZUg4GmUkSZzvmlXPg=s48-c-k-c0x00ffffff-no-rj,http://www.youtube.com/@yusuf_emre_kaner
ChatGPT Her Åeyi NasÄ±l Bilebiliyor?,Evrim AÄŸacÄ±,2024-07-28T06:01:51Z,28638,1162200,Nolur daha sakin konuÅŸur musunuz yoruluyo insan dinlerken,2025-05-10T13:22:12Z,@esilaess,0,https://yt3.ggpht.com/nDtm4o0lukpGhgKpkxP9a2iSaZ0I6EPdBOjWCloIi1-CFnQ5rhfsUxSHYfd4OFx_vmjFDn1Yy4Y=s48-c-k-c0x00ffffff-no-rj,http://www.youtube.com/@esilaess
ChatGPT Her Åeyi NasÄ±l Bilebiliyor?,Evrim AÄŸacÄ±,2024-07-28T06:01:51Z,28638,1162200,honor parasÄ± yetmemiÅŸ tam sponsorluÄŸa .d,2025-05-10T03:26:47Z,@YusufEfendi_1,0,https://yt3.ggpht.com/VKb9L80DJ6lY335h6iAGWKo4_4nSk0Kp4XVBbN3v3uthrtnUNw_xZmmhpvWPjrDgT6kh2tvvXho=s48-c-k-c0x00ffffff-no-rj,http://www.youtube.com/@YusufEfendi_1
ChatGPT Her Åeyi NasÄ±l Bilebiliyor?,Evrim AÄŸacÄ±,2024-07-28T06:01:51Z,28638,1162200,"Bunu bir Ã§Ä±lgÄ±nlÄ±k yapÄ±p chatgbt'nin kendisine sordum ve saatlerce yapÄ±lÄ±ÅŸ sistemini konuÅŸtuk. AslÄ±nda mÃ¼kemmel bir uygulma, hem dini, siyasi, felsefi,tarihi konularÄ± tartÄ±ÅŸÄ±rken verimli sohbet veriyor hemde normal sohbetide sarÄ±yor ama plus'Ä± Ã¼cretsiz kullanma hakkÄ± Ã§ok sÄ±nÄ±rlÄ± ğŸ˜” birgÃ¼n bir Ã§Ä±lgÄ±nlÄ±k yapÄ±p para yatÄ±racam.",2025-05-08T21:43:22Z,@rabixs_,1,https://yt3.ggpht.com/xGMn_25JBFZEr2ToGxl4Av-eErVzun2ko_aCqYKZxuIcHxP-5KIYlPBFX_iAVjJEi-ZF4eUB=s48-c-k-c0x00ffffff-no-rj,http://www.youtube.com/@rabixs_
ChatGPT Her Åeyi NasÄ±l Bilebiliyor?,Evrim AÄŸacÄ±,2024-07-28T06:01:51Z,28638,1162200,0:00 Ã§atcipiti,2025-05-08T17:02:58Z,@bilax.1,0,https://yt3.ggpht.com/H1ycAIXuCmkjmJB2299s4AShYa6GTohsiOlrNT20RkBdq6HWxvJZSs92TqAS0JARFk7wfr6jgg=s48-c-k-c0x00ffffff-no-rj,http://www.youtube.com/@bilax.1
ChatGPT Her Åeyi NasÄ±l Bilebiliyor?,Evrim AÄŸacÄ±,2024-07-28T06:01:51Z,28638,1162200,olm adam hugolayÄ± bÄ±lÄ±yo ohaaaaaaağŸ˜¶â€ğŸŒ«ğŸ˜¶â€ğŸŒ«ğŸ˜¶â€ğŸŒ«ğŸ˜¶â€ğŸŒ«ğŸ˜¶â€ğŸŒ«ğŸ˜¶â€ğŸŒ«ğŸ˜¶â€ğŸŒ«,2025-05-08T14:37:23Z,@Tugrulcimen,0,https://yt3.ggpht.com/ytc/AIdro_l8kogKpdn3VOr-vofq9VcH3iuYgzkyofnh0GLbuNlehFg=s48-c-k-c0x00ffffff-no-rj,http://www.youtube.com/@Tugrulcimen
ChatGPT Her Åeyi NasÄ±l Bilebiliyor?,Evrim AÄŸacÄ±,2024-07-28T06:01:51Z,28638,1162200,Bu uygulama ders anlatÄ±m konusunda yanlÄ±ÅŸ bilgi vermesinin sebebini bilen varmÄ± biliyorum ders Ã§alÄ±ÅŸmada kullanmam belki olur mu dedirtebilir ama ben denemek istedim  aslÄ±nda gÃ¼zel gidiyordum ama yanlÄ±ÅŸ bilgi verince nedenini sormak istedim varmÄ± bilen,2025-05-06T15:43:25Z,@GÃ¼lerÃ–zbek-b6g,0,https://yt3.ggpht.com/ytc/AIdro_mimC9VbaEtPyRCUL55_Vduus-POLQbK2d7hopubLvgA-UFiK0RjYIlhwdeLV7yKNeYJA=s48-c-k-c0x00ffffff-no-rj,http://www.youtube.com/@G%C3%BCler%C3%96zbek-b6g
ChatGPT Her Åeyi NasÄ±l Bilebiliyor?,Evrim AÄŸacÄ±,2024-07-28T06:01:51Z,28638,1162200,"Peki Ã§aÄŸrÄ± bey sizde bu Ã¶ÄŸrenen yapay nÃ¶ronlar gibi sizin ekibe kendi dÃ¼ÅŸÃ¼nme ÅŸeklinizi  Ã¶ÄŸretip, 

mesela haftaya hadi bakalÄ±m uzay ve paralel evren hakkÄ±nda haftaya video yapacaÄŸÄ±z benim iÃ§in dÃ¼ÅŸÃ¼nÃ¼n diyor ve sonuÃ§lardan memnun oluyor musunuz?",2025-05-03T15:48:52Z,@Kelib24,0,https://yt3.ggpht.com/eC7Yso1A-h1XnV816ei-SEKEzI7080vaEwESPBuEzHh_oXPVkO2HAcgguVpfYI0uUxtBBLFhyg=s48-c-k-c0x00ffffff-no-rj,http://www.youtube.com/@Kelib24
